[
  {
    "label": "Dashboard",
    "url": "/admin",
    "icon": "home",
    "className": "",
    "subNav": []
  },
  {
    "label": "Post Management",
    "url": "/post",
    "icon": "category",
    "className": "",
    "subNav": [
      {
        "label": "News",
        "url": "/post/news",
        "icon": "settings",
        "className": ""
      },
      {
        "label": "Videos",
        "url": "/post/videos",
        "icon": "settings",
        "className": ""
      },
      {
        "label": "Page",
        "url": "/post/page",
        "icon": "settings",
        "className": ""
      }
    ]
  },
  {
    "label": "Category Management",
    "url": "/category",
    "icon": "category",
    "className": "",
    "subNav": [
      {
        "label": "All Category",
        "url": "/category/all-category",
        "icon": "settings",
        "className": ""
      },
      {
        "label": "Topic",
        "url": "/category/topic",
        "icon": "settings",
        "className": ""
      }
    ]
  },

  {
    "label": "Gallery",
    "url": "/gallery",
    "icon": "category",
    "className": "",
    "subNav": [
      {
        "label": "Gallery",
        "url": "/gallery/gallerys",
        "icon": "settings",
        "className": ""
      }
    ]
  },
  {
    "label": "Ads Management",
    "url": "/ads",
    "icon": "business",
    "className": "",
    "subNav": [
      {
        "label": "Custom Ads",
        "url": "/ads/customer",
        "icon": "settings",
        "className": ""
      },
      {
        "label": "Google Ads",
        "url": "/ads/google-ads",
        "icon": "engineering",
        "className": ""
      }
    ]
  },
  {
    "label": "Settings",
    "url": "/settings/",
    "icon": "settings",
    "className": "",
    "subNav": [
      {
        "label": "General Settings",
        "url": "/settings/general",
        "icon": "build",
        "className": ""
      },
      {
        "label": "Home Page Section",
        "url": "/settings/section",
        "icon": "settings",
        "className": ""
      },

      {
        "label": "Menu",
        "url": "/settings/Menu",
        "icon": "build",
        "className": ""
      },

      {
        "label": "Footer Settings",
        "url": "/settings/footer",
        "icon": "build",
        "className": ""
      },

      {
        "label": "Country/Division/District/Sub-District",
        "url": "/settings/country",
        "icon": "build",
        "className": ""
      },

      {
        "label": "Reporter & User",
        "url": "/settings/reporter",
        "icon": "people",
        "className": ""
      },
      {
        "label": "Role Manage",
        "url": "/settings/role",
        "icon": "settings",
        "className": ""
      }
    ]
  }
]
